loc	sequence	pos	margin_of_victory	motif_summ	raw_votes
EQU24_RS02895||exosortase system-associated protein, TIGR04073 family	TTGACAACATTCAACCTTTAGGCTATTGT	29	57	[29]TTGACA -- (17) -- [52]TATTGT[end-->243]	205
EQU24_RS02895||exosortase system-associated protein, TIGR04073 family	GTTATAGCAACTTAAATGATTGTTATAGT	236	77	[236]GTTATA -- (17) -- [259]TATAGT[end-->36]	148
EQU24_RS02895||exosortase system-associated protein, TIGR04073 family	CCGATACATGTAGGGGGAATTGTTTGAT	119	8	[119]CCGATA -- (16) -- [141]TTTGAT[end-->154]	71
EQU24_RS02970|pqqA|pyrroloquinoline quinone precursor peptide PqqA	TTGCTTTGCCTAAATTATCGTCGTATACT	208	57	[208]TTGCTT -- (17) -- [231]TATACT[end-->64]	146
EQU24_RS02970|pqqA|pyrroloquinoline quinone precursor peptide PqqA	CCTATAGGCTCTATGCCGGCTCTATGCT	82	2	[82]CCTATA -- (16) -- [104]TATGCT[end-->191]	89
EQU24_RS02970|pqqA|pyrroloquinoline quinone precursor peptide PqqA	TTGTCGCGACTTATACCCCTCTTAGAT	8	33	[8]TTGTCG -- (15) -- [29]TTAGAT[end-->266]	87
EQU24_RS03495||cold-shock protein	TTGACTTTGGGGAAATAAGGCATAGAAT	96	55	[96]TTGACT -- (16) -- [118]TAGAAT[end-->177]	121
EQU24_RS03495||cold-shock protein	TTGAAATTCGATATATCTTTGATGTTTTAG	133	3	[133]TTGAAA -- (18) -- [157]TTTTAG[end-->138]	66
EQU24_RS03495||cold-shock protein	GTGACTATTAAAGAAATACCCACCCTATA	32	2	[32]GTGACT -- (17) -- [55]CCTATA[end-->240]	63
EQU24_RS07185||glutamate--ammonia ligase	TTGTAATTGAGATCAATTAGTTGCTTATAT	1	7	[1]TTGTAA -- (18) -- [25]TTATAT[end-->270]	97
EQU24_RS07185||glutamate--ammonia ligase	CTTATATGGCATATGAAGTGCTTATAAG	24	11	[24]CTTATA -- (16) -- [46]TATAAG[end-->249]	90
EQU24_RS07185||glutamate--ammonia ligase	CTCTAAAACTTTTCCGGACGTCTATAT	194	20	[194]CTCTAA -- (15) -- [215]CTATAT[end-->80]	79
EQU24_RS07390|rpmI|50S ribosomal protein L35	CTCAAGGAAACTTACTATTTTTAATCG	113	25	[113]CTCAAG -- (15) -- [134]TAATCG[end-->9]	86
EQU24_RS07390|rpmI|50S ribosomal protein L35	GCAACAGAAAGCATTGCTTAGAGTAAT	37	13	[37]GCAACA -- (15) -- [58]AGTAAT[end-->85]	61
EQU24_RS07390|rpmI|50S ribosomal protein L35	TTGTCGGGTTTAAATCTCAAGGAAACT	98	7	[98]TTGTCG -- (15) -- [119]GAAACT[end-->24]	48
EQU24_RS10370|acpP|acyl carrier protein	GTGATATTTTTATAATATAAAGTATAAT	6	88	[6]GTGATA -- (16) -- [28]TATAAT[end-->108]	229
EQU24_RS10370|acpP|acyl carrier protein	TTTCTAAGTAAAACAAATAACTATACT	64	28	[64]TTTCTA -- (15) -- [85]TATACT[end-->51]	141
EQU24_RS10370|acpP|acyl carrier protein	TTGTAAGTATTATGATTTAAAAATAATCT	92	71	[92]TTGTAA -- (17) -- [115]TAATCT[end-->21]	113
EQU24_RS12095||cytochrome c	TTGAATTTTTACGTTAAATCCCCTATTCT	202	62	[202]TTGAAT -- (17) -- [225]TATTCT[end-->70]	130
EQU24_RS12095||cytochrome c	CTCACGTAGCCACAGGCAATCGGGCTTGCT	11	11	[11]CTCACG -- (18) -- [35]CTTGCT[end-->260]	68
EQU24_RS12095||cytochrome c	GCGAAACAATTCGGGAAATAATCCCAATA	156	1	[156]GCGAAA -- (17) -- [179]CCAATA[end-->116]	57
EQU24_RS12525|ssrA|transfer-messenger RNA	TTGCTAATGATGAATTTAATTGTTAATAT	120	16	[120]TTGCTA -- (17) -- [143]TAATAT[end-->12]	122
EQU24_RS12525|ssrA|transfer-messenger RNA	CTGTCGGTCATTAAGAAGGTCTTTATAT	36	50	[36]CTGTCG -- (16) -- [58]TTATAT[end-->97]	106
EQU24_RS12525|ssrA|transfer-messenger RNA	TTAACATTTGCTAATGATGAATTTAATTGT	113	6	[113]TTAACA -- (18) -- [137]AATTGT[end-->18]	56
EQU24_RS15100||HU family DNA-binding protein	TTGACACTTTATGAGTCGTGTTGATATAAA	66	35	[66]TTGACA -- (18) -- [90]TATAAA[end-->87]	132
EQU24_RS15100||HU family DNA-binding protein	CTGTAGAGTTTAAAGCTTGACACTTTAT	50	14	[50]CTGTAG -- (16) -- [72]CTTTAT[end-->105]	97
EQU24_RS15100||HU family DNA-binding protein	TTGACACTTTATGAGTCGTGTTGATAT	66	6	[66]TTGACA -- (15) -- [87]TGATAT[end-->90]	83
EQU24_RS15535||hypothetical protein	TTTACTAAGAAAGGCTGATCAAGGTATAGT	194	81	[194]TTTACT -- (18) -- [218]TATAGT[end-->77]	138
EQU24_RS15535||hypothetical protein	CGTATAAAACTTAAATTACACTAAAATACT	40	15	[40]CGTATA -- (18) -- [64]AATACT[end-->231]	57
EQU24_RS15535||hypothetical protein	CTAAAATACTTCAATCATAGTAATAGT	60	4	[60]CTAAAA -- (15) -- [81]AATAGT[end-->214]	42
EQU24_RS15705||cold-shock protein	TCGATAGACACATCCCATACCTTTTATTCT	172	91	[172]TCGATA -- (18) -- [196]TATTCT[end-->99]	151
EQU24_RS15705||cold-shock protein	TCCTCGATAGACACATCCCATACCTTTTAT	169	15	[169]TCCTCG -- (18) -- [193]TTTTAT[end-->102]	60
EQU24_RS15705||cold-shock protein	ATGTCGGCAGCAGGGCAGATTTTTGCT	19	2	[19]ATGTCG -- (15) -- [40]TTTGCT[end-->255]	45
EQU24_RS15745||cold-shock protein	TTGCTTTCCTGATTAGCCGGCTTTATTAT	50	24	[50]TTGCTT -- (17) -- [73]TATTAT[end-->58]	107
EQU24_RS15745||cold-shock protein	CTGAAATTTAAATTGCTTTCCTGATTAG	38	43	[38]CTGAAA -- (16) -- [60]GATTAG[end-->71]	83
EQU24_RS15745||cold-shock protein	CCAATAGTAGAGTTAGTAATAATTTAT	3	0	[3]CCAATA -- (15) -- [24]ATTTAT[end-->107]	40
EQU24_RS16195||hypothetical protein	TTGACATGTTTCTTCGATCATGTTAAAAA	156	7	[156]TTGACA -- (17) -- [179]TAAAAA[end-->116]	79
EQU24_RS16195||hypothetical protein	TCTCTAGCTTTTGATTCCCTTACTAAAAT	106	1	[106]TCTCTA -- (17) -- [129]TAAAAT[end-->166]	72
EQU24_RS16195||hypothetical protein	CTGACTTTTATAGAGTCCCCCTTTGAG	229	2	[229]CTGACT -- (15) -- [250]TTTGAG[end-->45]	71
EQU24_RS18060|rplM|50S ribosomal protein L13	TTTATTGGGTCCTAAACAGAATAAACA	100	6	[100]TTTATT -- (15) -- [121]TAAACA[end-->5]	63
EQU24_RS18060|rplM|50S ribosomal protein L13	TTGAAAAACCCTAGCGACTCTAGTAACAT	62	3	[62]TTGAAA -- (17) -- [85]TAACAT[end-->41]	57
EQU24_RS18060|rplM|50S ribosomal protein L13	TTGAAAAACCCTAGCGACTCTAGTAACA	62	1	[62]TTGAAA -- (16) -- [84]GTAACA[end-->42]	54
EQU24_RS18140|moxF|PQQ-dependent dehydrogenase, methanol/ethanol family	TTGTAACAACAAACACCGCAATCAATAG	231	12	[231]TTGTAA -- (16) -- [253]CAATAG[end-->42]	103
EQU24_RS18140|moxF|PQQ-dependent dehydrogenase, methanol/ethanol family	CTCTCGGGATATTTTCCCTGTTTTTTCT	77	14	[77]CTCTCG -- (16) -- [99]TTTTCT[end-->196]	91
EQU24_RS18140|moxF|PQQ-dependent dehydrogenase, methanol/ethanol family	TTGAATGCCGACATACTCTCGGGATATT	62	7	[62]TTGAAT -- (16) -- [84]GATATT[end-->211]	77
EQU24_RS18355||hypothetical protein	TTTATAAGATTTCCGTTTATTTTATAAT	181	149	[181]TTTATA -- (16) -- [203]TATAAT[end-->92]	210
EQU24_RS18355||hypothetical protein	TTCAAAAAGAGTCTTTTTTTGTTAATCT	235	4	[235]TTCAAA -- (16) -- [257]TAATCT[end-->38]	61
EQU24_RS18355||hypothetical protein	TTTCAAAAAGAGTCTTTTTTTGTTAATCT	234	1	[234]TTTCAA -- (17) -- [257]TAATCT[end-->38]	57
EQU24_RS19105|rpsT|30S ribosomal protein S20	TTGACAATAGTAGCACTACGCAAGATAAT	109	145	[109]TTGACA -- (17) -- [132]GATAAT[end-->39]	233
EQU24_RS19105|rpsT|30S ribosomal protein S20	TTCTCACATCATTAAAAATTGACAATAG	91	46	[91]TTCTCA -- (16) -- [113]CAATAG[end-->58]	88
EQU24_RS19105|rpsT|30S ribosomal protein S20	CTCACATCATTAAAAATTGACAATAGT	93	2	[93]CTCACA -- (15) -- [114]AATAGT[end-->57]	42
EQU24_RS19315|pmoC|methane monooxygenase/ammonia monooxygenase subunit C	TTGACAAGCCTTTTCGAAATGATAAACT	171	131	[171]TTGACA -- (16) -- [193]TAAACT[end-->102]	267
EQU24_RS19315|pmoC|methane monooxygenase/ammonia monooxygenase subunit C	TTGCTATGATCGAAATGGAATGAAAAT	20	81	[20]TTGCTA -- (15) -- [41]GAAAAT[end-->254]	136
EQU24_RS19315|pmoC|methane monooxygenase/ammonia monooxygenase subunit C	CCGATAAATAAGAGGTTAAGGGCTGGAAG	75	5	[75]CCGATA -- (17) -- [98]TGGAAG[end-->197]	55
EQU24_RS19765|rnpB|RNase P RNA component class A	CCGACATGTTTTTAATTCGCGTATAAT	143	56	[143]CCGACA -- (15) -- [164]TATAAT[end-->6]	203
EQU24_RS19765|rnpB|RNase P RNA component class A	TTGACAAATGGATTAAATGTCGCAATAT	47	81	[47]TTGACA -- (16) -- [69]CAATAT[end-->101]	147
EQU24_RS19765|rnpB|RNase P RNA component class A	TTGACAAATGGATTAAATGTCGCAATA	47	2	[47]TTGACA -- (15) -- [68]GCAATA[end-->102]	66
EQU24_RS21040|rpmB|50S ribosomal protein L28	TTCTCGTTGAACGGACGTTTTTTCTTTCG	187	6	[187]TTCTCG -- (17) -- [210]CTTTCG[end-->85]	91
EQU24_RS21040|rpmB|50S ribosomal protein L28	TCGATACCATGTACAAGCCTATCTGTTCT	90	25	[90]TCGATA -- (17) -- [113]TGTTCT[end-->182]	85
EQU24_RS21040|rpmB|50S ribosomal protein L28	CCTATCTGTTCTTTTGGTTTACGAATGCT	107	10	[107]CCTATC -- (17) -- [130]AATGCT[end-->165]	60
EQU24_RS21560|fbaA|class II fructose-bisphosphate aldolase	TTGTCGCGAAAACGGGTTTGTTTTTTGAT	89	16	[89]TTGTCG -- (17) -- [112]TTTGAT[end-->12]	95
EQU24_RS21560|fbaA|class II fructose-bisphosphate aldolase	GCGAAAACGGGTTTGTTTTTTGATATAGG	94	6	[94]GCGAAA -- (17) -- [117]TATAGG[end-->7]	79
EQU24_RS21560|fbaA|class II fructose-bisphosphate aldolase	GCGAAAACGGGTTTGTTTTTTGATATA	94	7	[94]GCGAAA -- (15) -- [115]GATATA[end-->9]	73
EQU24_RS21565||transaldolase	CCGATATAGGAATTTGCTGATTAAATACT	71	13	[71]CCGATA -- (17) -- [94]AATACT[end-->201]	97
EQU24_RS21565||transaldolase	TTGATAAATCGGCTGCCTTTTTTAATCA	36	19	[36]TTGATA -- (16) -- [58]TAATCA[end-->237]	84
EQU24_RS21565||transaldolase	GGTATATATTGGGCGAACCAATTTGAT	14	6	[14]GGTATA -- (15) -- [35]TTTGAT[end-->260]	65
EQU24_RS21665|trxA|thioredoxin TrxA	TTGACAAAATAACGCCGGCACTCCTATAGT	37	116	[37]TTGACA -- (18) -- [61]TATAGT[end-->27]	237
EQU24_RS21665|trxA|thioredoxin TrxA	TTGACAAAATAACGCCGGCACTCCTATAG	37	55	[37]TTGACA -- (17) -- [60]CTATAG[end-->28]	121
EQU24_RS21665|trxA|thioredoxin TrxA	TTGACAAAATAACGCCGGCACTCCTATA	37	22	[37]TTGACA -- (16) -- [59]CCTATA[end-->29]	66
EQU24_RS21720||hypothetical protein	TTGCTTTTATTTTGGGAATGAGGATAAT	122	20	[122]TTGCTT -- (16) -- [144]GATAAT[end-->137]	115
EQU24_RS21720||hypothetical protein	TTGTCACAATTCCCTAACTTTTAACTTGCT	97	27	[97]TTGTCA -- (18) -- [121]CTTGCT[end-->160]	95
EQU24_RS21720||hypothetical protein	TTGTAAGCATAGGCTTACACCGGTAAGCT	150	9	[150]TTGTAA -- (17) -- [173]TAAGCT[end-->108]	68
EQU24_RS22110||hypothetical protein	TTGATATTGCGGCAATCTACGTTAGAAT	92	64	[92]TTGATA -- (16) -- [114]TAGAAT[end-->86]	160
EQU24_RS22110||hypothetical protein	CCTACAAATATACTTGGTTGAATTTATAAG	42	38	[42]CCTACA -- (18) -- [66]TATAAG[end-->134]	96
EQU24_RS22110||hypothetical protein	CTGAATAATAGTTACTATGACAACATGAG	166	13	[166]CTGAAT -- (17) -- [189]CATGAG[end-->11]	58
